Main, Children
Arts & Entertainment , Animation and Comics
Arts & Entertainment , Arts and Entertainment - Other
Arts & Entertainment , Books and Literature
Arts & Entertainment , Humor
Arts & Entertainment , Music
Arts & Entertainment , Performing Arts
Arts & Entertainment , Streaming & Online TV
Arts & Entertainment , Visual Arts and Design
Business and Consumer Services , Business and Consumer Services - Other
Business and Consumer Services , Business Services
Business and Consumer Services , Marketing and Advertising
Business and Consumer Services , Digital Marketing
Business and Consumer Services , Printing & Self Publishing
Business and Consumer Services , Real Estate
Business and Consumer Services , Moving & Relocation
Business and Consumer Services , Shipping and Logistics
Business and Consumer Services , Textiles
Community and Society , Community and Society - Other
Community and Society , Decease
Community and Society , Faith and Beliefs
Community and Society , Holidays and Seasonal Events
Community and Society , LGBTQ
Community and Society , Philanthropy
Community and Society , Dating and Relationships
Computers Electronics and Technology , Advertising Networks
Computers Electronics and Technology , Computer Hardware
Computers Electronics and Technology , Computer Security
Computers Electronics and Technology , Computers Electronics and Technology - Other
Computers Electronics and Technology , Consumer Electronics
Computers Electronics and Technology , Email
Computers Electronics and Technology , File Sharing and Hosting
Computers Electronics and Technology , Graphics Multimedia and Web Design
Computers Electronics and Technology , Programming and Developer Software
Computers Electronics and Technology , Search Engines
Computers Electronics and Technology , Social Media Networks
Computers Electronics and Technology , Telecommunications
Computers Electronics and Technology , Web Hosting and Domain Names
eCommerce & Shopping , Auctions
eCommerce & Shopping , Classifieds
eCommerce & Shopping , Coupons and Rebates
eCommerce & Shopping , eCommerce and Shopping - Other
eCommerce & Shopping , Marketplace
eCommerce & Shopping , Price Comparison
eCommerce & Shopping , Tickets
Finance , Accounting and Auditing
Finance , Banking Credit and Lending
Finance , Finance - Other
Finance , Financial Planning and Management
Finance , Insurance
Finance , Investing
Food and Drink , Beverages
Food and Drink , Cooking and Recipes
Food and Drink , Food and Drink - Other
Food and Drink , Groceries
Food and Drink , Restaurants and Delivery
Food and Drink , Vegetarian and Vegan
Gambling , Bingo
Gambling , Casinos
Gambling , Gambling - Other
Gambling , Lottery
Gambling , Poker
Gambling , Sports Betting
Games , Board and Card Games
Games , Games - Other
Games , Puzzles and Brainteasers
Games , Roleplaying Games
Games , Video Games Consoles and Accessories
Health , Addictions
Health , Alternative and Natural Medicine
Health , Biotechnology and Pharmaceuticals
Health , Childrens Health
Health , Dentist and Dental Services
Health , Developmental and Physical Disabilities
Health , Geriatric and Aging Care
Health , Health - Other
Health , Health Conditions and Concerns
Health , Medicine
Health , Mens Health
Health , Mental Health
Health , Nutrition Diets and Fitness
Health , Pharmacy
Health , Public Health and Safety
Health , Womens Health
Heavy Industry and Engineering , Aerospace and Defense
Heavy Industry and Engineering , Agriculture
Heavy Industry and Engineering , Architecture
Heavy Industry and Engineering , Chemical Industry
Heavy Industry and Engineering , Construction and Maintenance
Heavy Industry and Engineering , Energy Industry
Heavy Industry and Engineering , Heavy Industry and Engineering - Other
Heavy Industry and Engineering , Metals and Mining
Heavy Industry and Engineering , Waste Water and Environmental
Hobbies and Leisure , Ancestry and Genealogy
Hobbies and Leisure , Antiques and Collectibles
Hobbies and Leisure , Camping Scouting and Outdoors
Hobbies and Leisure , Crafts
Hobbies and Leisure , Hobbies and Leisure - Other
Hobbies and Leisure , Models
Hobbies and Leisure , Photography
Home and Garden , Furniture
Home and Garden , Gardening
Home and Garden , Home and Garden - Other
Home and Garden , Home Improvement and Maintenance
Home and Garden , Interior Design
Jobs and Career , Human Resources
Jobs and Career , Jobs and Career - Other
Jobs and Career , Jobs and Employment
Law and Government , Government
Law and Government , Immigration and Visas
Law and Government , Law and Government - Other
Law and Government , Law Enforcement and Protective Services
Law and Government , Legal
Law and Government , National Security
Lifestyle , Beauty and Cosmetics
Lifestyle , Childcare
Lifestyle , Fashion and Apparel
Lifestyle , Gifts and Flowers
Lifestyle , Jewelry and Luxury Products
Lifestyle , Lifestyle - Other
Lifestyle , Tobacco
Lifestyle , Weddings
Pets and Animals , Animals
Pets and Animals , Birds
Pets and Animals , Fish and Aquaria
Pets and Animals , Horses
Pets and Animals , Pet Food and Supplies
Pets and Animals , Pets
Pets and Animals , Pets and Animals - Other
Reference Materials , Dictionaries and Encyclopedias
Reference Materials , Maps
Reference Materials , Public Records and Directories
Reference Materials , Reference Materials - Other
Science and Education , Astronomy
Science and Education , Biology
Science and Education , Business Training
Science and Education , Chemistry
Science and Education , Earth Sciences
Science and Education , Education
Science and Education , Environmental Science
Science and Education , Grants Scholarships and Financial Aid
Science and Education , History
Science and Education , Libraries and Museums
Science and Education , Literature
Science and Education , Math
Science and Education , Philosophy
Science and Education , Physics
Science and Education , Public Records and Directories
Science and Education , Science and Education - Other
Science and Education , Social Sciences
Science and Education , Universities and Colleges
Science and Education , Weather
Sports , American Football
Sports , Baseball
Sports , Basketball
Sports , Boxing
Sports , Climbing
Sports , Cycling and Biking
Sports , Extreme Sports
Sports , Fantasy Sports
Sports , Fishing
Sports , Golf
Sports , Hunting and Shooting
Sports , Martial Arts
Sports , Rugby
Sports , Running
Sports , Soccer
Sports , Sports - Other
Sports , Tennis
Sports , Volleyball
Sports , Water Sports
Sports , Winter Sports
Travel and Tourism , Accommodation and Hotels
Travel and Tourism , Air Travel
Travel and Tourism , Car Rentals
Travel and Tourism , Ground Transportation
Travel and Tourism , Tourist Attractions
Travel and Tourism , Transportation and Excursions
Travel and Tourism , Travel and Tourism - Other
Vehicles , Automotive Industry
Vehicles , Aviation
Vehicles , Boats
Vehicles , Makes and Models
Vehicles , Motorcycles
Vehicles , Motorsports
Vehicles , Vehicles - Other
Adult ,
